Vera Wilderman,07.11.1980,20.06.2001
Dr. Dale Spencer,26.05.1980,02.07.1997
Roy Adams,29.10.1978,16.12.1994
Tanya Morissette,04.10.1988,18.07.2010
Kristen Homenick,20.03.1978,03.06.2009
Louis Casper,06.07.1994,27.09.2018
Kathryn Denesik,13.02.1981,25.08.2002
Miss Christopher McGlynn,21.05.1992,13.06.2018
Iris Connelly,22.09.1972,16.10.2019
Ms. Shari Spinka,03.06.1998,10.09.2020
Mrs. Clay Schinner,05.04.1999,27.10.1999
Clinton Howe,25.12.1985,12.12.1997
Sheri Price,29.06.1999,22.08.1990
Patrick Wyman,05.08.1982,13.09.2005
Miss Everett Sauer,21.07.1995,06.10.2014
Nancy Dach,17.02.1985,27.12.1992
Emilio Price,23.04.1994,21.02.2001
Ken Johnston,09.11.1974,22.01.1990
Clinton Rohan,12.06.1995,20.06.1999
Floyd Welch,11.04.1976,21.09.1998
Nellie Veum,10.07.1975,30.03.1992
Ms. Rosalie Carter,04.01.1975,02.04.2012
Roosevelt Lueilwitz II,30.01.1995,24.12.2004
Dexter Bergstrom,06.01.1975,24.03.2014
Mike Steuber,02.12.1979,28.05.2000
Ernestine Stoltenberg,18.08.1984,16.04.2013
Rosie Lehner,17.01.1999,27.01.1996
Essie Heller,16.02.1996,03.06.2012
Jorge Halvorson,16.01.1980,16.06.2006
Mr. Clayton Boyle,15.08.1990,18.04.1994
Miss Carlos Bogan,19.09.1997,06.01.1999
Mr. Ryan Prohaska,20.08.1989,08.09.2018
Sheldon Powlowski PhD,22.02.1989,22.02.1992
Clifton Kertzmann,29.04.1982,15.12.1992
Claudia Hauck,05.01.1974,10.08.1995
Juanita Rodriguez DVM,20.05.1987,01.01.2006
Don Dickens,03.11.1974,23.05.1994
Nettie Stark I,22.04.1981,28.05.1995
Milton O'Kon DVM,07.11.1988,18.11.2010
Deborah Roob,14.01.1978,19.07.2020
Lorenzo Kilback,11.07.1975,27.02.2008
Bethany Bogan,09.10.1988,19.01.2021
Mae Ledner,29.03.1997,01.06.1995
Kelli Raynor,09.03.1971,05.12.2003
Melinda Anderson,07.04.1974,26.02.2019
Eloise Kozey,12.11.1994,15.08.1999
Mr. Lela Krajcik,11.05.1997,02.02.1998
Mr. Elias Crist,21.09.1994,26.12.2012
Marcella Sporer I,10.05.1980,19.04.2011
David Conroy,20.05.1974,29.09.2012
Katrina Bailey,21.09.1999,11.08.1990
Stacey Robel,05.04.1988,21.01.2012
Lisa Zboncak,22.01.1979,26.03.2017
Bruce Abbott IV,07.07.1984,20.12.1996
Bennie Schowalter,08.01.1984,24.12.1995
Pete Bruen,13.04.1987,08.11.2001
Ismael Hoeger,11.11.1987,24.08.2017
Derek Hettinger,02.02.1984,13.06.1997
Mattie Fahey,13.10.1971,16.03.2008
Roland Doyle,02.11.1980,14.06.2005
Gary Ernser,30.03.1971,11.11.2008
Earnest Goldner,31.07.1993,11.04.2015
Maryann Moore,17.10.1971,07.07.1991
Miss Clifford Lebsack,22.08.1993,20.10.2009
Philip Stracke,23.09.1978,07.11.2001
Phillip Erdman DVM,16.12.1976,11.07.1990
Louis Oberbrunner IV,08.09.1995,10.02.2018
Kelly Wisozk DVM,26.07.1986,15.02.2016
Rex Weimann,11.06.1982,21.04.2011
Carrie Heathcote,20.04.1980,16.01.2003
Kelly Ziemann,27.06.1977,15.06.2015
Thomas Marquardt,15.07.1980,18.11.2015
Ellis Christiansen I,07.07.1973,31.07.2006
Miss Kristin Pacocha,09.08.1973,18.03.1998
Denise Beahan,30.09.1993,24.02.2020
Matt Treutel,02.09.1993,18.07.1999
Andrea Kuhic,22.04.1996,14.10.2002
Courtney Goodwin,26.08.1971,27.05.2006
Rudy Trantow,28.07.1982,08.03.2017
Gabriel Hayes,27.06.1974,25.01.1997
Nora Rolfson,04.02.1990,17.03.2001
Thomas Hessel,06.10.1997,13.12.2017
Jenny Robel,07.10.1976,12.10.2009
Monica Ledner,18.11.1978,12.11.2016
Suzanne Rippin,09.03.1975,17.10.2014
Heather Runte,02.09.1982,15.03.1991
Laurence Mills,27.04.1981,13.07.1991
Hazel Zemlak,11.08.1990,20.08.1993
Jessie Trantow,03.03.1977,15.06.2000
Stacey Bode,06.04.1986,13.08.2012
Kathy Barton,19.02.1976,20.10.1991
Calvin Ferry,08.05.1972,04.07.2011
Vera Rippin Sr.,12.10.1990,18.03.2005
Elvira Durgan,29.09.1979,05.11.2018
Vanessa Bashirian,20.05.1972,08.06.2017
Simon Heidenreich,31.07.1977,29.10.1997
Tracy Kautzer V,24.03.1987,24.11.1994
Pam Goyette,09.08.1994,18.12.2008
Alfred Kling,06.02.1974,26.05.1992
Darrin Steuber III,20.02.1988,10.12.1996
Vicky Hodkiewicz,10.05.1991,08.04.2009
Marguerite Lubowitz,20.11.1996,26.06.2001
Dr. Martin Dickens,29.09.1978,25.01.2001
Patricia Armstrong,19.10.1973,01.09.1995
William Langosh,15.07.1977,31.01.1999
Harvey Stracke,11.01.1976,29.07.2002
Rhonda Welch,11.06.1996,28.07.1998
Joanna Stracke,03.04.1977,24.06.2004
Georgia Runolfsson,17.09.1985,31.05.2018
Lana Bode DDS,01.04.1977,08.12.2019
Irma Ruecker,10.07.1970,03.06.1991
Rickey Cruickshank,04.10.1988,23.12.1990
Saul Herman IV,09.09.1998,11.07.2018
Wesley Schmeler,29.05.1982,26.05.2013
Jordan Howell,29.05.1970,24.01.1991
Percy Ziemann I,12.01.1982,25.01.2004
Clint Greenholt Sr.,13.10.1996,15.11.2004
Mrs. Regina Leuschke,13.05.1999,10.07.2011
Otis Brekke,05.01.1980,17.08.2014
Rickey Littel,08.05.1989,25.01.2000
Julius Bernhard,16.11.1974,15.03.2013
Michael Schiller,03.02.1990,16.05.2013
Dr. Emilio Kling,10.10.1982,21.08.1999
Javier Lehner Sr.,02.09.1998,04.04.2013
Maria Hayes,01.05.1978,01.05.2012
Nathaniel Gulgowski,14.12.1977,15.02.2019
